new_product,matched_old_product,score
ตะกร้าเหลี่ยมเตี้ย 4000 สีเข้ม OS,ตะกร้าเหลี่ยมเตี้ย 4000 สีเข้ม OS,1.0000001192092896
ตักน้ำแข็งมิเนียม CCD-2 CCD,ตักน้ำแข็งมิเนียม CCD-2 CCD,1.0000001192092896
ขูด 218 KW,ขูด 218 KW,1.0000001192092896
หัวแร้งแท่งยาว DS-15193 แผงเขียว DS,หัวแร้งแท่งยาว DS-15193 แผงเขียว DS,1.0000001192092896
จุกหม้อข้าวกลาง VK,จุกหม้อข้าวกลาง VK,1.0000001192092896
กระชอนพลาสติก #15 PYP,กระชอนพลาสติก #15 PYP,1.0000001192092896
แปรง 2 สีใหญ่ CTB-09 ตราสมอ BB,แปรง 2 สีใหญ่ CTB-09 ตราสมอ BB,1.0
ตะแกรงเหลี่ยม 900 สีเข้ม RTH,ตะแกรงเหลี่ยม 900 สีเข้ม RTH,1.0
ตะแกรงเหลี่ยม 111 GL,ตะแกรงเหลี่ยม 111 GL,1.0
กะละมัง 65 สีหวาน ตราเสือ NPC,กะละมัง 65 สีหวาน ตราเสือ NPC,1.0
กล่องล้อ K-1000,กล่องล้อ K-1000,1.0
ถังปูน 15 สี AC,ถังปูน 15 สี AC,1.0
กรวยพลาสติก #6 CC,กรวยพลาสติก #6 CC,1.0
ขูดมะละกอเหลี่ยม 9674 ด้ามฟ้า IMM,ขูดมะละกอเหลี่ยม 9674 ด้ามฟ้า IMM,1.0
ช้อนส้อมเกาหลี PS-444-19 (หัวเล็กด้ามยาว),ช้อนส้อมเกาหลี PS-444-19 (หัวเล็กด้ามยาว),1.0
แปรงซักผ้าแป้นไม้-สีนม (ตราสมอ),แปรงซักผ้าแป้นไม้-สีนม (ตราสมอ),1.0
ตะกร้าฝาปิด (กลาง) หูหิ้ว 321/2 VJ,ตะกร้าฝาปิด (กลาง) หูหิ้ว 321/2 VJ,1.0
ไม้แขวนเสื้อ - ลวด 111 หนุมาน STCP,ไม้แขวนเสื้อ - ลวด 111 หนุมาน STCP,1.0
ตะแกรง 9831 SMT,ตะแกรง 9831 SMT,1.0
ตะแกรงเหลี่ยม 903 สีเข้ม RTH,ตะแกรงเหลี่ยม 903 สีเข้ม RTH,1.0
ช้อนส้อมเกาหลี PS-444-19 (หัวเล็กด้ามยาว),ช้อนส้อมเกาหลี PS-444-19 (หัวเล็กด้ามยาว),1.0
กระชอนพลาสติก #12 PYP,กระชอนพลาสติก #12 PYP,1.0
คัทตัลบัท 100 ก้านจิ๋ว B-Duck (กระปุก) RR,คัทตัลบัท 100 ก้านจิ๋ว B-Duck (กระปุก) RR,1.0
กล่องล้อ K-1200,กล่องล้อ K-1200,1.0
กะละมัง 058 สี OS,กะละมัง 058 สี OS,1.0
คราดมือเสือ 023 NCL,คราดมือเสือ 023 NCL,1.0
เก้าอี้ซักผ้ากลม #9076D สีดำ WCP,เก้าอี้ซักผ้ากลม #9076D สีดำ WCP,1.0
ตะกร้ากลม 9899/3 สีใส SMT,ตะกร้ากลม 9899/3 สีใส SMT,0.9999999403953552
เก้าอี้เตี้ย 555 สีหวาน MM,เก้าอี้เตี้ย 555 สีหวาน MM,0.9999999403953552
ตะแกรง 1990 สีใส-สีสด SRT,ตะแกรง 1990 สีใส-สีสด SRT,0.9999999403953552
ถังปูน 15 สี SP,ถังปูน 15 สี SP,0.9999999403953552
ตะแกรงใหญ่ 519 DMT,ตะแกรงใหญ่ 519 DMT,0.9999999403953552
กะละมัง 60 สี AC,กะละมัง 60 สี AC,0.9999998807907104
กะละมังเหลี่ยม 666 OS,กะละมังเหลี่ยม 666 OS,0.9999998807907104
กะละมัง 004/75 ดำ SP,กะละมัง 004/75 ดำ SP,0.9999998807907104
แปรงซักผ้า (ไดโน) แป้นไม้-ขนสีนม NCL,แปรงซักผ้า (ไดโน) แป้นไม้ - ขนสีนม NCL,0.9984612464904784
หม้อด้ามร่ม#16 (ไม่รับเปลี่ยน) UM,หม้อด้ามร่ม #16 (ไม่รับเปลี่ยน) UM,0.9981367588043212
หม้อด้ามร่ม#18 (ไม่รับเปลี่ยน) UM,หม้อด้ามร่ม #18 (ไม่รับเปลี่ยน) UM,0.9979457855224608
กระป๋องกาแฟ ปากต่อ#16 JRR,กระป๋องกาแฟ ปากต่อ #16 JRR,0.997764766216278
แปรงซักเสื้อขนใส อีสแมน S-09 BB,แปรงซักเสื้อขนใส-อีสแมน S-09 BB,0.997563362121582
ขวดนม2ออนซ์ กลม-RB113 ROY,ขวดนม 2ออนซ์ กลม - RB113 ROY,0.9973448514938354
กระบวยตักน้ำไก่ #1(1*5) VTW,กระบวยตักน้ำไก่ #1 (1*5) VTW,0.997208833694458
แปรงซักผ้าแป้นไม้-สีนม (ตราสมอ),แปรงซักผ้าแป้นไม้ - สีนม (ตราสมอ),0.9971656203269958
กระบวยตักน้ำไก่ #2(1*5) VTW,กระบวยตักน้ำไก่ #2 (1*5) VTW,0.9969152212142944
คีบน้ำแข็งด้ามสีเล็ก#72 ตราผึ้ง BEE,คีบน้ำแข็งด้ามสี-เล็ก #72 ตราผึ้ง BEE,0.9966657161712646
หมวกอาบน้ำการ์ตูน-จัมโบ้,หมวกอาบน้ำการ์ตูน - จัมโบ้,0.9965659379959106
คีบน้ำแข็งด้ามสีใหญ่#71 ตราผึ้ง BEE,คีบน้ำแข็งด้ามสี-ใหญ่ #71 ตราผึ้ง BEE,0.9956703186035156
ถัง+ฝา 4.5 SRT,ถัง + ฝา 4.5 SRT,0.9947208166122437
กระทะม้วนขอบ#33 ร่ม(ไม่รับเปลี่ยน) UM,กระทะม้วนขอบ #33 ร่ม (ไม่รับเปลี่ยน) UM,0.9946603178977966
ถัง+ฝา 12 สี BP,ถัง + ฝา 12 สี BP,0.9945064187049866
ถังฝา KF-008 สีดำ RTH,ถัง ฝา KF-008 สีดำ RTH,0.9941039085388184
แขวนเสื้อลวด+หนีบ 99 SM,แขวนเสื้อลวด + หนีบ 99 SM,0.9936910271644592
แปรงซักเสื้อ แป้นไม้(ไดโน) NCL,แปรงซักเสื้อ-แป้นไม้ (ไดโน) NCL,0.9931949973106384
คัทตัลบัท 200ก้านกระปุก แจ็กซ์เพียว JAXX,คัทตัลบัท 200ก้านกระปุก แจ็กซ์เพี่ยว JAXX,0.9930166602134703
ปืนยิงกาวแผงใส-ใหญ่40W 39#0250 IMM,ปืนยิงกาวแผงใส - ใหญ่ 40W 39 #0250 IMM,0.992654025554657
คีบต่อ-คอใหญ่ FW-075 MIFL,คีบต่อ - คอใหญ่ FW-075 MIFL,0.9925106763839722
มีดด้ามพลาสติก171P KW,มีดด้ามพลาสติก 171P KW,0.9923717379570008
"คีบหัวใบไม้สั้น9"" FW-083 MIFL","คีบหัวใบไม้ สั้น 9"" FW-083 MIFL",0.9917689561843872
แผ่นแปะผมกล่อง01661 KKA,แผ่นแปะผมกล่อง 01661 KKA,0.99172842502594
ตะกร้าเหลี่ยม มีหู สีหวาน 5948 JCP,ตะกร้า-เหลี่ยม มีหู สีหวาน 5948 JCP,0.991512894630432
ตะกร้าเหลี่ยม มีหู สีหวาน 5948 JCP,ตะกร้า-เหลี่ยม มีหู สีหวาน 5948 JCP,0.991512894630432
ถาดกลมเลส32cm LH-4413 TLH,ถาดกลมเลส 34 cm LH-4414 TLH,0.990645170211792
โต๊ะไม้ ขาดำ (เล็ก) 16*24 PYS,โต๊ะไม้ - ขาดำ (เล็ก) 16*24 PYS,0.9906349182128906
กะละมัง 004/58 สี SP,กะละมัง 004/53 สี SP,0.9906045198440552
กล่องผืนผ้า#8036 จุกปล่อยอากาศ SW,กล่องผืนผ้า #8037 จุกปล่อยอากาศ SW,0.9898366928100586
ตะแกรงเหลี่ยม จัมโบ้ 1989 SRT,ตะแกรงเหลี่ยม - จัมโบ้ 1989 SRT,0.9898035526275636
ริบบิ้นม้วน-ดิ้นทอง(ระฆัง)12MM(1*10),ริบบิ้นม้วน - ดิ้นทอง (ระฆัง) 12MM (1*10),0.9894393682479858
"วางเค้กใหญ่#1 (L) VS,BOMM","วางเค้กใหญ่ #1 (L) VS,BOMM",0.9889965057373048
เขียงพลาสติก-ใหญ่ NO.167 VR,เขียงพลาสติก - ใหญ่ NO.167 VR,0.9885459542274476
"คีบหัวใบไม้ใหญ่13"" FW-082 MIFL","คีบหัวใบไม้ใหญ่ 13"" FW-082 MIFL",0.9884206652641296
ทัพพีใหญ่ด้ามดำ TP-079 (ต้นสน) TK,ทัพพ์ใหญ่ - ด้ามดำ TP-079 (ต้นสน) TK,0.9881633520126344
ถาดกลมเลส32cm LH-4413 TLH,ถาดกลมเลส 32 cm LH-4413 TLH,0.98812073469162
ถาดกลมเลส28cm LH-4411 TLH,ถาดกลมเลส 34 cm LH-4414 TLH,0.9871228337287904
กล่องแช่เหลี่ยม4425 SRT,กล่องแช่เหลี่ยม 4425 SRT,0.9862042665481568
ถาดกลมเลส28cm LH-4411 TLH,ถาดกลมเลส 32 cm LH-4413 TLH,0.9857083559036256
แปรงซักเสื้อขนใส อีสแมน S-09 BB,แปรงซักเสื้อขนโส - อีสแมน S-09 BB,0.9854685068130492
ทัพพีแขกด้ามพลาสติกสี ตราสมอ PPL,ทัพพีแขก - ด้ามพลาสติกสี ตราสมอ PPL,0.9853251576423644
คั้นส้มขาตั้ง กลมเล็ก (มีเนียม) KPT,คั้นส้มขาตั้ง - กลมเล็ก (มิเนียม) KPT,0.9848751425743104
แปรงซักเสื้อ แป้นไม้(ไดโน) NCL,แปรงซักเสื้อ - แป้นไม้ (ไดโน) NCL,0.9848002195358276
โหลเหลี่ยมใหญ่ (คลาสิก) 048-X BG,โหลเหลี่ยม - ใหญ่ (คลาสิก) 048-X BG,0.9842198491096495
"วางเค้กใหญ่#1 (L) VS,BOMM","วางเค้กใหญ่ #1 (L) VS, BOMM",0.9840297698974608
กระบวยตักน้ำไก่ #1(1*5) VTW,กระบวยตักน้ำไก่ #2 (1*5) VTW,0.9836509227752686
ตะกร้ากลม 9899/3 สีใส SMT,ตะกร้ากลม 9899/1 สีใส SMT,0.9832264184951782
ลวดอเนกประสงค์เส้นใหญ่(วงใหญ่) KAWA,ลวดอเนกประสงค์ - เส้นใหญ่ (วงใหญ่) KAWA,0.9829890727996826
"ถุงห่วงกาแฟ จัมโบ้6""(S.P.)NO.01 BIR","ถุงห่วงกาแฟ - จัมโบ้ 6"" (S.P.) NO.01 BIR",0.9827631115913392
ทัพพีใหญ่ด้ามดำ TP-079 (ต้นสน) TK,ทัพพีใหญ่ - ด้ามดำ TP-079 (ต้นสน) TK,0.9817915558815002
กล่องแช่เหลี่ยม4424 SRT,กล่องแช่เหลี่ยม 4425 SRT,0.9814477562904358
กะละมัง 004/58 สี SP,กะละมัง 004/75 สี SP,0.9811418056488036
แปรงซักผ้าขนนม แป้นสีบรอนซ์333 CC,แปรงซักผ้า ขนสี-แป้นบรอนซ์ 333 CC,0.9809678792953492
"คีบสลัด-เล็ก 10"" (หนา) FW-088 แพคครึ่ง","คีบสลัด - เล็ก 10"" (หนา) FW-088 แพ็คครึ่ง",0.9805978536605836
กระบวยตักน้ำไก่ #2(1*5) VTW,กระบวยตักน้ำไก่ #1 (1*5) VTW,0.9805928468704224
กระชอนพลาสติก #12 PYP,กระชอนพลาสติก #15 PYP,0.9805017113685608
กระชอนพลาสติก #15 PYP,กระชอนพลาสติก #12 PYP,0.9805015325546264
"คีบสลัดใหญ่15"" (บาง) FW-143 แพคโหล","คีบสลัด - ใหญ่ 15"" (บาง) FW-143 แพ็คโหล",0.9804600477218628
ตะกร้ากลม 9899/3 สีใส SMT,ตะกร้ากลม 9899/2 สีใส SMT,0.9804388284683228
ถังปูน 15 สี AC,ถัง ปูน 15 สี AC,0.979556918144226
ปืนยิงกาวแผงใส-ใหญ่40W 39#0250 IMM,ปืนยิงกาวแผงใส - ใหญ่ 40W 39 #0250 IMP,0.9794429540634156
หิ้งพระ#20 (ขาคู่)(1*2ตัว) DT,หิ้งพระ #20 (ขาคู่) ตื้น (1*2 ตัว) DT,0.9790650010108948
"คีบสลัดใหญ่15""(หนา) FW-086 แพคครึ่ง","คีบสลัด - ใหญ่ 15"" (หนา) FW-086 แพ็คครึ่ง",0.9781545996665956
ขูดมะพร้าว2หัวม้า/กระต่าย(อย่างดี) NK,ขูดมะพร้าว 2 หัวม้า/กระต่าย (อย่างดี) NK,0.9778891801834106
มีดด้ามพลาสติก171P KW,มีดด้ามพลาสติก 173P KW,0.9772915840148926
คัทตัลบัท 100 ก้าน (1*2) B-Duck (ของแพ),คัตตัลบัท 100 ก้าน (1*2) B-Duck (ของแท้),0.9771978855133056
กล่องแช่เหลี่ยม4424 SRT,กล่องแช่เหลี่ยม 4423 SRT,0.9767336845397948
ถังปูน 15 สี SP,ถัง ปูน 15 สี SP,0.9759531021118164
ถังปูน 15 สี AC,ถังปูน 16 สี AC,0.975461721420288
ทัพพีเล็กด้ามดำ TP-076 (ต้นสน) TK,ทัพพีเล็ก - ด้ามดำ TP-076 (ต้นสน) TK,0.9751994609832764
ลูกเหม็น 800 เม็ดเล็ก (20801) ATM,ลูกเหม็น 800 เม็ดเล็ก ATM,0.9748584628105164
เก้าอี้ซักผ้าเหลี่ยมหลามตัด 9026 สีหวาน AB,เก้าอี้ซักผ้าเหลี่ยม - หลามตัด 9026 สีหวาน AE,0.9745110869407654
เก้าอี้เตี้ย 610 ดำ CS,เก้าอี้เตี้ย 610 ดำ,0.9743589162826538
ตะกร้าเหลี่ยม 5953 หูหิ้ว JCP,ตะกร้า - เหลี่ยม 5953 หูหิ้วคู่ JCP,0.9736923575401306
คั้นมะนาว-แสตนเลส FW 147 (แผง),คั้นมะนาว - แสตนเลส FW 147 (แผงกระดาษ,0.9735498428344728
แปรงเตารีดทองเหลือง SBL-106 พระอาทิตย์,แปรงเตารีด-ทองเหลือง SB-106 พระอาทิตย์,0.9732508659362792
แปรงเตารีดทองเหลือง SBL-106 พระอาทิตย์,แปรงเตารีด-ทองเหลือง SB-106 พระอาทิตย์,0.9732508659362792
กระชอนพลาสติก #12 PYP,กระชอนพลาสติก #10 PYP,0.9731882810592652
ดับกลิ่นตลับเล็ก 35g (12040) ATM,ดับกลิ่นตลับเล็ก 35g ATM,0.9725719094276428
กระชอน24cm LH-669/LH-5097 ด้ามเลส,กระชอน 16cm LH-665/LH-5093 ด้ามเลส,0.9715747237205504
แปรงซักผ้า (ไดโน) แป้นไม้-ขนสีนม NCL,แปรงซักผ้า (ไม้เล็ก) แป้นไม้-ขนสีนม NCL,0.9715194702148438
คัทตัลนัท 100 ก้านจิ๋ว B.Duck (กระปุก) RR,คัทตัลบัท 100 ก้านจิ๋ว B-Duck (กระปุก) RR,0.970757246017456
คีบน้ำแข็งด้ามสีใหญ่#71 ตราผึ้ง BEE,คีบน้ำแข็งด้ามสี-เล็ก #72 ตราผึ้ง BEE,0.9704511165618896
มีดด้ามพลาสติก171P KW,มีดด้ามพลาสติก 211P KW,0.970403254032135
ตักน้ำแข็งมิเนียม CCD-2 CCD,ตักน้ำแข็งมิเนียม CCD-0 CCD,0.9698952436447144
มีดด้ามพลาสติก211P KW,มีดด้ามพลาสติก 211P KW,0.9698349833488464
ทัพพีเล็กด้ามดำ TP-076 (ต้นสน) TK,ทัพพ์ใหญ่ - ด้ามดำ TP-079 (ต้นสน) TK,0.969152331352234
คีบน้ำแข็งด้ามสีเล็ก#72 ตราผึ้ง BEE,คีบน้ำแข็งด้ามสี-ใหญ่ #71 ตราผึ้ง BEE,0.9682037830352784
กล่องแช่4401 SRT,กล่องแช่ 4401 SRT,0.9678340554237366
เก้าอี้เตี้ย 610 ดำ CS,เก้าอี้เตี้ย610ดำ,0.9672149419784546
กล่องแช่เหลี่ยม4425 SRT,กล่องแช่เหลี่ยม 4423 SRT,0.9671295285224916
ถัง+ฝา 4.5 SRT,ถังฝา 4.5 SRT,0.967103123664856
ลูกเหม็น 800 จัมโบ้ (20802) ATM,ลูกเหม็น 800 จัมโบ้ ATM,0.9669365882873536
คัทตัลบัท 100 ก้านจิ๋ว B-Duck,คัทตัลบัท 100 ก้านจิ๋ว B-Duck (กระปุก) RR,0.9668817520141602
มีด195 KW,มีด 194 KW,0.9646711349487304
แปรงเตารีดทองเหลือง SBL-106 พระอาทิตย์,แปรงเตารีด - ทองเหลือง SBI-106 พระอาทิตย์,0.9645156860351562
แปรงเตารีดทองเหลือง SBL-106 พระอาทิตย์,แปรงเตารีด - ทองเหลือง SBI-106 พระอาทิตย์,0.9645156860351562
แปรงซักผ้าขนนม แป้นสีบรอนซ์333 CC,แปรงซักผ้าขนสั้นม - แป้นสีบรอนซ์ 333 CC,0.9641835689544678
โต๊ะไม้ ขาดำ 24*24 PYS,โต๊ะไม้ - ขาดำ 20*30 PYS,0.9627166986465454
กระชอนพลาสติก #15 PYP,กระชอนพลาสติก #10 PYP,0.9626803398132324
ทัพพีเล็กด้ามดำ TP-076 (ต้นสน) TK,ทัพพีใหญ่ - ด้ามดำ TP-079 (ต้นสน) TK,0.962114155292511
ตะแกรงกรองน้ำมันด้ามแดง SJ320 (20ซม),ตะแกรงกรองน้ำมัน - ด้ามแดง SJ320 (20 ซม),0.9618703126907348
"คีบสลัด-เล็ก 10"" (หนา) FW-088 แพคครึ่ง","คีบสลัดเล็ก 10"" (หนา) FW-088 แพ็คครึ่ง",0.9611766934394836
โต๊ะไม้ ขาดำ 24*24 PYS,โต๊ะไม้ - ขาดำ (เล็ก) 16*24 PYS,0.961134433746338
"กระบวยโฟกัส 4"" #500 (ดำ/แดง) แบล็คไลท์",กระบวยโฟกัส #500 (ดำ/แดง) แบล็คไลท์,0.9600445032119752
กาวช้างแท้ อัลโก้ QS,กาว ช้าง แท้ - อัล ที โก้ QS,0.9599965214729308
ตะหลิวม้าลาย-เล็ก#104008 **ไม่รับคืน,"ตะหลิวม้าลาย - เล็ก #104008 ""ไม่รับคืน/เปลี่ยน""",0.95971941947937
กระชอนเลสตาข่าย ด้ามไม้(ก้นตัด)#4168,กระชอนเลสตาข่าย - ด้ามไม้ (ก้นตัด) #4170 (,0.9589285850524902
กรวยพลาสติก #6 CC,กรวยพลาสติก #4 CC,0.9581021666526794
ถาดกลมเลส28cm LH-4411 TLH,ถาดกลมเลส 34 cm LH4414 TLH,0.9580819606781006
มีด195 KW,มีด 195 KW,0.9559934139251708
มีดด้ามพลาสติก211P KW,มีดด้ามพลาสติก 830P KW,0.9557594060897828
คั้นส้มขาตั้งกลมใหญ่ (มีเนียม) KPT,คั้นส้มขาตั้ง - กลมเล็ก (มิเนียม) KPT,0.9549533128738404
ถาดกลมเลส32cm LH-4413 TLH,ถาดกลมเลส 34 cm LH4414 TLH,0.954869508743286
ลูกเหม็น 800 จัมโบ้ (20802) ATM,ลูกเหม็น800 กรัม ATM,0.9546871185302734
"ตะหลิวยาว4""ไม้ HFW-039 ม้าน้ำ MIFL","ตะหลิวยาว 4"" ไม้ #FW-039 ม้าน้ำ MIFL",0.9534403681755066
คัทตัลบัท 100 ก้านจิ๋ว B-Duck (กระปุก) RR,คัทตัลบัท100ก้านจิ๋วB-Duckกระปุก,0.9534093737602234
มีดด้ามพลาสติก211P KW,มีดด้ามพลาสติก 840P KW,0.953383445739746
กล่องเหลี่ยมใหญ่74-72 DB,กล่องเหลี่ยมใหญ่ 14-72 DB,0.9530074000358582
กระชอนพลาสติก #18 PYP,กระชอนพลาสติก #12 PYP,0.9529534578323364
เก้าอี้เตี้ย 366 สีหวาน Bl,เก้าอี้เตี้ย 555 สีหวาน MM,0.9527560472488404
ทัพพีใหญ่ด้ามดำ TP-079 (ต้นสน) TK,ทัพพีเล็ก - ด้ามดำ TP-076 (ต้นสน) TK,0.9525215029716492
กะละมัง 058 สี OS,กะละมัง 053 สี OS,0.9523245096206664
มีด195 KW,มีด 173 KW,0.952153980731964
มีดด้ามพลาสติก173P KW,มีดด้ามพลาสติก 173P KW,0.9510298371315002
ตะแกรงกรองน้ำมันด้ามแดง SJ322 (22ซม),ตะแกรงกรองน้ำมัน - ด้ามแดง SJ320 (20 ซม),0.9509735107421876
คัทตัลบัท 100 ก้านจิ๋ว B-Duck,คัทตัลบัท100ก้านจิ๋วB-Duckกระปุก,0.9503008723258972
ลิ้นชัก A4 ชั้นใส โครงสี #2011-2,ลิ้นชัก A4 3 ชั้น ใส - โครงสี #2011-2 (JP1220),0.95009583234787
มีดด้ามพลาสติก173P KW,มีดด้ามพลาสติก 171P KW,0.9499046206474304
หม้อด้ามร่ม#16 (ไม่รับเปลี่ยน) UM,หม้อด้ามร่ม #18 (ไม่รับเปลี่ยน) UM,0.9497486352920532
"ถุงห่วงกาแฟ จัมโบ้6""(S.P.)NO.01 BIR","ถุงห่วงกาแฟ - กลาง 5"" (S.P.) NO.02 BIR",0.947924256324768
หมวกอาบน้ำมุกเล็ก45บ UD,หมวกอาบน้ำ - มุกเล็ก 45 บ. UD,0.9471880197525024
เหยือกเพชรกลมใส200 #559 VT,เหยือกเพชรกลม - โซ 20บ #559 VT,0.9469793438911438
กล่องแช่4401 SRT,กล่องแช่ 4402 SRT,0.9467126727104188
โต๊ะไม้ ขาดำ (เล็ก) 16*24 PYS,โต๊ะไม้ - ขาดำ 20*30 PYS,0.9457974433898926
กล่องฟินิกส์ ผืนผ้า#294-2 BG,กล่องฟินิกส์ - ผืนผ้า L #294-2 BG,0.9445733428001404
หม้อด้ามร่ม#18 (ไม่รับเปลี่ยน) UM,หม้อด้ามร่ม #16 (ไม่รับเปลี่ยน) UM,0.9444605112075806
ลูกเหม็น 800 เม็ดเล็ก (20801) ATM,ลูกเหม็น800 กรัม ATM,0.9442101120948792
ปืนยิงกาวแผงใส-ใหญ่40W 39#0250 IMM,ปืนยิงกาวแผงใส-ใหญ่40W,0.944071888923645
นส.8 สี SP,น.ส. 8 สี SP,0.9437428712844848
ตะกร้าฝาปิดหูหิ้ว 321-3N สีNEW (ใหญ่) VJ,ตะกร้าฝาปิดหูหิ้ว 321-3N สี NEW (ใหญ่) VJ,0.9436609148979188
ตักน้ำแข็งมิเนียม CCD-2 CCD,ตักน้ำแข็ง - มิเนียม (จัมโบ้) CCD-1 CCD,0.9435769319534302
ขูด 218 KW,ขูด 217 KW,0.9432922601699828
ปิ้งปูจัมโบ้ BOOM,ปิ้งปู-จัมโบ้Boom,0.9432055354118348
กระชอนพลาสติก #18 PYP,กระชอนพลาสติก #15 PYP,0.9432013034820556
"ตักถ่าน หนา (1""10อัน) CY",ตักถ่านดำหนา (1*10 อัน) CY,0.9424985647201538
ตะแกรง 1991 สีใส SRT,ตะแกรง 1990 สีใส-สีสด SRT,0.9415556192398072
ตะแกรงกรองน้ำมัน-ด้ามสี 20cm #TL-664,ตะแกรงกรองน้ำมัน - ด้ามสี 16 cm TL-662 T,0.9413564801216124
ถัง+ฝา 4.5 SRT,ถัง + ฝา 6.5 SRT,0.9409792423248292
ทัพพีม้าลาย - ด้ามดำจีน(เล็ก)**ไม่รับคืน,"ทัพพีม้าลาย - ด้ามดำจีน (เล็ก) ""ไม่รับคืน""",0.9408950805664062
หมวกอาบน้ำการ์ตูน-เล็ก,หมวกอาบน้ำการ์ตูน - จัมโบ้,0.9408460855484008
กระชอนพลาสติก #18 PYP,กระชอนพลาสติก #10 PYP,0.9397957921028136
กล่องล็อค 561/1 W,กล่องล็อค561/1,0.9378002882003784
ลูกเหม็น 800 เม็ดเล็ก (20801) ATM,ลูกเหม็น 800 จัมโบ้ ATM,0.937759280204773
ตะแกรงกรองน้ำมันด้ามแดง SJ322 (22ซม),ตะแกรงกรองน้ำมัน - ด้ามแดง SJ317 (17/18 ซม),0.9375514388084412
"ตะหลิวโฟกัส-ยาว 4"" #400 (คำ) แบล็คไลท์","ตะหลิวโฟกัส - ยาว 4"" #400 (ดำ) แบล็คไลท์",0.937072217464447
มีด21 KW,มีด 199 KW,0.9362941384315492
มีด21 KW,มีด 199 KW,0.9362941384315492
ลูกเหม็น 800 จัมโบ้ (20802) ATM,ลูกเหม็น 800 เม็ดเล็ก ATM,0.9361437559127808
กะละมังเลส-เกาหลี ก้นตัด(เคลือบสีลาย),กะละมังเลส เกาหลี (กันตัด),0.935710072517395
มีด199 KW,มีด 199 KW,0.9350656867027284
ตะแกรงเหลี่ยม 903 สีเข้ม RTH,ตะแกรงเหลี่ยม 900 สีเข้ม RTH,0.9343064427375792
ตะแกรงเหลี่ยม 900 สีเข้ม RTH,ตะแกรงเหลี่ยม 903 สีเข้ม RTH,0.9343063831329346
"คีบสลัดใหญ่15""(หนา) FW-086 แพคครึ่ง","คีบสลัด - กลาง 12"" (หนา) FW-087 แพ็คครึ่ง",0.934262990951538
กล่องล็อค 560 หูหิ้ว W,กล่องล็อค560หูหิ้ว,0.9342585802078248
แม็กซ์ใหญ่10239/DL0306 (จับราคา) IMM,แม็กซ์ใหญ่ 10239 / DL0306 (จับราคา) IMM,0.9340269565582277
แปรงขัดรองเท้า666 แปรงไทย,แปรงขัดรองเท้าดำ 666 แปรงไทย,0.9340035915374756
มีด21 KW,มีด 172 KW,0.932366132736206
มีด21 KW,มีด 172 KW,0.932366132736206
ตะแกรง 9831 SMT,ตะแกรงตาถี่ 9833 SMT,0.9322504997253418
"ตะหลิวโฟกัส-ยาว 4"" #400 (คำ) แบล็คไลท์","ตะหลิวโฟกัส-ยาว 4"" #400 (ดำ) แบล็คไลท์",0.9320698976516724
คัทตัลนัท 100 ก้านจิ๋ว B.Duck (กระปุก) RR,คัทตัลบัท100ก้านจิ๋วB-Duckกระปุก,0.9316188097000122
ทัพพีม้าลาย - ด้ามดำจีน(เล็ก)**ไม่รับคืน,ทัพพีม้าลาย - ด้ามดำจีน (เล็ก) **ไม่รับคืน/เปลี่ยน,0.9313756227493286
คัทตัลบัท 100 ก้านจิ๋ว B-Duck,คัทตัลบัต100ก้านจิ๋วB-Duck(ซอง),0.9313722848892212
ถัง+ฝา 12 ตำ AC,ถัง + ฝา 12 สี AC,0.9299616813659668
คัทตัลบัท 100 ก้านจิ๋ว B-Duck (กระปุก) RR,คัทตัลบัต100ก้านจิ๋วB-Duck(ซอง),0.9299113750457764
มีด193 KW,มีด 194 KW,0.929286539554596
เก้าอี้ซักผ้ากลม 9025 สีหวาน AB V-NICE,เก้าอี้ซักผ้าเหลี่ยม - หลามตัด 9026 สีหวาน AE,0.9286367893218994
แปรงซักผ้า (ไดโน) แป้นไม้-ขนสีนม NCL,แปรงซักเสื้อ - แป้นไม้ (ไดโน) NCL,0.928440272808075
ทัพพีพลาสติก 1*2 JP ตราสมอ,ทัพพีพลาสติก 1*2 JP ตราสมอ (บาร์ 01732),0.9283432960510254
ถัง+ฝา 12 ตำ AC,ถัง + ฝา 12 ดำ AC,0.9278354644775392
แปรงซักผ้าขนนม แป้นสีบรอนซ์333 CC,แปรงซักผ้าไดโนขนสี 449,0.926850199699402
คัทตัลบัท 200ก้านกระปุก แจ็กซ์เพียว JAXX,คัทตัลบัท 80ก้านกระปก แจ็กซ์เพียว JAXX,0.926842451095581
กระชอนเลสตาข่าย ด้ามไม้(ก้นตัด)#4168,กระชอนเลสตาข่าย - ด้ามไม้ (กันตัด) #4169 1,0.9260971546173096
กล่องแซ่4402 SRT,กล่องแช่ 4402 SRT,0.9260272979736328
กะละมัง 004/58 สี SP,กะละมัง 004/75 ดำ SP,0.9259026050567628
ฝาซี36 สีเข้ม SRT,ฝาชี 46 สีเข้ม (SRT),0.9249760508537292
ขันปั้มลายไทย กระเช้า NO.22 M,ขันปั๊มลายไทย NO.26 TM,0.9234171509742736
ทัพพีแขกด้ามพลาสติกสี ตราสมอ PPL,ทัพพีจีนใหญ่ - ด้ามพลาสติกสี ตราสมอ PPL,0.9233747124671936
โต๊ะรีดผ้าเตี้ย ตัวเล็ก (18) ต-046 LW,โต๊ะรีดผ้าเตี้ย - ตัวเล็ก (18) LW,0.9224175810813904
"คีบหัวใบไม้สั้น9"" FW-083 MIFL","คีบหัวใบไม้ใหญ่ 13"" FW-082 MIFL",0.922015368938446
แม็กซ์ ต.หัวโตเดี่ยว #21002 TLL,แม็กซ์เดี่ยว - พต.หัวโต #6278 TLL,0.9216604828834534
ขวดนม2ออนซ์ กลม-RB113 ROY,ขวดนม 4ออนส์-ตรง -RB101 ROY,0.9211108684539796
"ตะหลิวยาว4"" ด้ามดำ#FW-038 ม้าน้ำ","ตะหลิวยาว 4"" ด้ามดำ #FW-038 ม้าน้ำ MIFL",0.920831859111786
มีดด้ามพลาสติก173P KW,มีดด้ามพลาสติก 830P KW,0.9206137657165528
มีด193 KW,มีด 476 KW,0.9198848605155944
"คีบสลัด-เล็ก 10"" (หนา) FW-088 แพคครึ่ง","คีบสลัด - กลาง 12"" (หนา) FW-087 แพ็คครึ่ง",0.919745683670044
เชือกผ้าแบนเอนกประสงค์ สีล้วน15ม.,เชือกผ้าแบน - เอนกประสงค์ ลาย 15 มิล 5 ม.,0.9186369776725768
มีด193 KW,มีด 193 KW,0.917958676815033
ทัพพีแขกด้ามพลาสติกสี ตราสมอ PPL (P15),ทัพพีแขก - ด้ามพลาสติกสี ตราสมอ PPL,0.9172701835632324
กล่องแช่4401 SRT,กล่องแช่เหลี่ยม 4425 SRT,0.9158239364624025
ตะแกรง 9831 SMT,ตะแกรงตาถี่ 9832 SMT,0.9154343605041504
กล่องล็อค4ด้าน8027 SET LOCK SW,กล่องล็อค 4 ด้าน ใส 8023 SET LOCK SW,0.9152406454086304
ถังปูน 15 สี SP,ถัง ปูน 15 สี AC,0.9152018427848816
ลูกเหม็น 50g (100) ซองฟ้า (20090) ATM,ลูกเหม็น 100g (20บ) ซองเหลือง ATM,0.9142409563064576
กล่องล็อค 560/1 หูหิ้ว W,กล่องล็อค560หูหิ้ว,0.912927746772766
เก้าอี้ หน้ากลม 250-B สีเข้ม (ปักกิ่ง) SH,เก้าอี้ไต้หวัน 230 สีเข้ม B - หน้าเหลี่ยม SH,0.912867784500122
เก้าอี้เตี้ย 610 ดำ CS,เก้าอี้เตี้ย - หน้าเหลี่ยม สีเข้มมันวาว RC-622,0.9122710824012756
"คีบหัวใบไม้ใหญ่13"" FW-082 MIFL","คีบหัวใบไม้ สั้น 9"" FW-083 MIFL",0.9116266965866088
กระจกด้าม10329/13029 เหลี่ยม IMM,กระจกขอบ พต.บางลาย 7868-2 IMM,0.91144460439682
มีด21 KW,มีด 476 KW,0.91074937582016
มีด21 KW,มีด 476 KW,0.91074937582016
มีด199 KW,มีด 188 KW,0.91058748960495
กระจกด้าม10329/13029 เหลี่ยม IMM,กระจกพับเหลี่ยม - หวี A01272/1272 IM,0.9104413986206056
แปรงซักเสื้อ แป้นไม้(ไดโน) NCL,แปรงซักผ้า (ไดโน) แป้นไม้ - ขนสีนม NCL,0.9103757739067078
กล่อง K-1500,กล่องล้อ K-1500,0.9101604223251344
มีด199 KW,มีด 194 KW,0.9098480939865112
กรวย พด.ใส12cm #15764 IMM,กรวย พต.ใส 10cm #15763 IMM,0.9097621440887452
ตะหลิวด้ามดำใหญ่ 40ซม. #205 PL,กระบวยด้ามดำ - ใหญ่ 40 ซม #205A PL,0.9094210267066956
ตะหลิวด้ามดำใหญ่ 40ซม. #205 PL,กระบวยด้ามดำ - ใหญ่ 40 ซม #205A PL,0.9094210267066956
กล่องล็อค4ด้าน8027 SET LOCK SW,กล่องล็อค 4 ด้านใส 8023 SET LOCK SW,0.9094074964523317
มีด194 KW,มีด 194 KW,0.9093980193138124
ชอล์คมด/แมลงสาบ (ผง) ขวด 50 ครารถ,ชอล์มด/แมลงสาบ(ผง)ขวด50gตรารถถัง,0.909346342086792
กระจกด้าม10329/13029 เหลี่ยม IMM,กระจกพับเหลี่ยม - ทวี A01272/1272 IM,0.908824861049652
เก้าอี้เตี้ย 555 สีหวาน MM,เก้าอี้เตี้ย 114 สีหวาน CK,0.9087417125701904
ตะแกรงกรองน้ำมันด้ามแดง SJ320 (20ซม),ตะแกรงกรองน้ำมัน - ด้ามแดง SJ317 (17/18 ซม),0.9084219932556152
กะละมัง 004/75 ดำ SP,กะละมัง 004/75 สี SP,0.908214807510376
กระทะม้วนขอบ#33 ร่ม(ไม่รับเปลี่ยน) UM,ซึ้ง 2 ชั้น #28 ร่ม (ไม่รับเปลี่ยน) UM,0.907705783843994
คัทตัลนัท 100 ก้านจิ๋ว B.Duck (กระปุก) RR,คัทตัลบัต100ก้านจิ๋วB-Duck(ซอง),0.9075355529785156
วันปั้มลายไทย NO.14 TM,ขันปั๊มลายไทย NO.14 TM,0.907508373260498
กล่องล้อ K-1200,กล่องล้อ K-1500,0.9070651531219482
แปรงซักผ้าแป้นไม้-สีนม (ตราสมอ),แปรงซักผ้า (ไดโน) แป้นไม้ - ขนสีนม NCL,0.9065139293670654
กล่องแซ่4402 SRT,กล่องแช่ 4401 SRT,0.9061956405639648
วันปั้มลายไทย NO.26 TM,ขันปั๊มลายไทย NO.26 TM,0.9054170846939088
โบว์เน็ต01269 (1*6) KKA,โบว์เน็ต 01269 (116) KKA,0.9054127931594848
กรวย พด.ใส 12cm #15764 IMM,กรวย พต.ใส 10cm #15763 IMM,0.9048026204109192
กะละมัง 004/75 ดำ SP,กะละมัง 004/53 สี SP,0.904041349887848
เก้าอี้เตี้ย 366 สีหวาน Bl,เก้าอี้เตี้ย610AB,0.903972625732422
ลูกแก้วถุงตาข่ายเล็ก100ชิ้น #1141 IMM,ลูกแก้วถุงตาข่าย-เล็ก100ชิ้น,0.90392804145813
กล่องแช่เหลี่ยม4425 SRT,กล่องแช่ 4401 SRT,0.9036362767219543
มีด194 KW,มีด 199 KW,0.9033865928649902
เก้าอี้ หน้ากลม 250-B สีเข้ม (ปักกิ่ง) SH,เก้าอี้ไต้หวัน 230 (A) หน้าเหลี่ยม SH,0.9031188488006592
เก้าอี้เตี้ย 366 สีหวาน Bl,เก้าอี้เตี้ย 114 สีหวาน CK,0.9027079343795776
วันปั้มลายไทย NO.26 TM,โถข้าวลายไทย NO.20 TM,0.9026090502738952
"ขูดมะพร้าว2หัวมันเล็ก1""10 NK",ขูดมะพร้าว 2 หัวม้า-เล็ก 1*10 NK,0.9006887078285217
คัทตัลบัท 100 ก้าน (1*2) B-Duck (ของแพ),คัทตัลบัท 100 ก้านจิ๋ว B-Duck (กระปุก) RR,0.9005187749862671
"คีบบาร์บีคิว ยาว15"" FW-090 MIFL","คีบขนมปัง 12"" FW-084 MIFL",0.900373101234436
มีด171 KW,ขูด 217 KW,0.9003549218177795
